{
  "logistic": {
    "auc": 0.5744945506239141,
    "log_loss": 0.12051058232139539,
    "brier": 0.025341236276165434
  },
  "gbt": {
    "auc": 0.47562588848523135,
    "log_loss": 0.16447842623653822,
    "brier": 0.02749283743578581
  },
  "dnn": {
    "auc": 0.5472871584267889,
    "log_loss": 0.16203114121379683,
    "brier": 0.02960171696876539
  }
}