{
  "logistic": {
    "auc": 0.5895247591217817,
    "log_loss": 0.11984538533246777,
    "brier": 0.025283367936654734
  },
  "gbt": {
    "auc": 0.5395412948191439,
    "log_loss": 0.12251975896674874,
    "brier": 0.025526626506254077
  },
  "dnn": {
    "auc": 0.5031985468330438,
    "log_loss": 0.18597541311893287,
    "brier": 0.026913440982531938
  }
}