bucket,avg_pred,avg_true,count
0,0.010973400999003222,0.0225,400
1,0.013268967575289175,0.0125,400
2,0.015331222265769395,0.015,400
3,0.018042227205903236,0.0225,400
4,0.02140021313378485,0.025,400
5,0.024632110666404673,0.02,400
6,0.02781699800857453,0.0275,400
7,0.031672340570075924,0.04,400
8,0.0395981695689096,0.03,400
9,0.05832298373603782,0.045,400
