bucket,avg_pred,avg_true,count
0,0.01252598681084902,0.025,200
1,0.015403658496443522,0.02,200
2,0.01790747986206534,0.005,200
3,0.02046694258342111,0.01,200
4,0.022744584078712275,0.025,200
5,0.025127330476885677,0.06,200
6,0.028235776461739713,0.015,200
7,0.03213658817470078,0.025,200
8,0.03795604160406476,0.055,200
9,0.05253209070222109,0.02,200
