bucket,avg_pred,avg_true,count
0,0.00631712621073865,0.05,20
1,0.009763621532246924,0.0,20
2,0.01224415406244993,0.1,20
3,0.014272624887932194,0.0,20
4,0.016458073471493563,0.05,20
5,0.019735530240671147,0.0,20
6,0.02403620637472567,0.05,20
7,0.030619767279719302,0.0,20
8,0.03683611040686303,0.0,20
9,0.05833805051533838,0.0,20
