{
  "auc": 0.5031985468330438,
  "log_loss": 0.18597541311893287,
  "brier": 0.026913440982531938
}