{
  "auc": 0.28923076923076924,
  "log_loss": 0.1908130629266065,
  "brier": 0.025937763762193696
}