bucket,avg_pred,avg_true,count
0,1.545850771051081e-05,0.01,200
1,0.00032380939162624537,0.03,200
2,0.0012616105939310535,0.025,200
3,0.003037057305006001,0.01,200
4,0.006174114414297679,0.04,200
5,0.011169720677032147,0.045,200
6,0.02087948886182357,0.01,200
7,0.03756298948751237,0.04,200
8,0.07221747780862704,0.02,200
9,0.19530690196372227,0.03,200
