bucket,avg_pred,avg_true,count
0,4.046965819267509e-06,0.03,400
1,0.0002366059146848213,0.0275,400
2,0.0012265701433035584,0.025,400
3,0.0031650819707086087,0.015,400
4,0.005641342792950684,0.02,400
5,0.00920951041357146,0.0375,400
6,0.01454138753677983,0.03,400
7,0.02213910492684847,0.0175,400
8,0.03693461408152582,0.0175,400
9,0.10217605842325884,0.04,400
