{
  "auc": 0.5472871584267889,
  "log_loss": 0.16203114121379683,
  "brier": 0.02960171696876539
}