bucket,avg_pred,avg_true,count
0,4.262417456774729e-05,0.05,20
1,0.0006611784791980262,0.0,20
2,0.0018547276797439727,0.15,20
3,0.0039195068777661286,0.0,20
4,0.006703421888335127,0.0,20
5,0.01023111213602947,0.0,20
6,0.016511314224446315,0.05,20
7,0.023292910128100197,0.0,20
8,0.0377423498806837,0.0,20
9,0.08817328417676473,0.0,20
