bucket,avg_pred,avg_true,count
0,1.0793130356662553e-08,0.1,20
1,3.611426754936986e-08,0.05,20
2,7.873351321653675e-08,0.0,20
3,1.9910359894807075e-07,0.0,20
4,5.296944399733931e-07,0.05,20
5,1.2108435603735868e-06,0.0,20
6,3.71478516320918e-06,0.0,20
7,1.3987116227814106e-05,0.0,20
8,8.284887692265926e-05,0.05,20
9,0.003028341122118644,0.0,20
