{
  "auc": 0.550774462960038,
  "log_loss": 0.12203822946955428,
  "brier": 0.025526856361620807
}