{
  "auc": 0.5395412948191439,
  "log_loss": 0.12251975896674874,
  "brier": 0.025526626506254077
}