bucket,avg_pred,avg_true,count
0,0.010302537753760346,0.015,400
1,0.012380964951254972,0.03,400
2,0.01419560637994755,0.0175,400
3,0.015613956423033365,0.0075,400
4,0.02124851955730579,0.03,400
5,0.025743608809582038,0.0525,400
6,0.028775929964177882,0.0375,400
7,0.031560379750685735,0.0075,400
8,0.03564024985735358,0.04,400
9,0.06182023273245849,0.0225,400
