bucket,avg_pred,avg_true,count
0,0.012173392760195538,0.025,400
1,0.013020146546375698,0.0225,400
2,0.013817650235542156,0.0225,400
3,0.01485926043147899,0.0075,400
4,0.022389078261115813,0.02,400
5,0.02699849831438889,0.03,400
6,0.029625790045673703,0.0425,400
7,0.031994479848102726,0.0325,400
8,0.03657899794849615,0.035,400
9,0.0617095367572294,0.0225,400
