bucket,avg_pred,avg_true,count
0,0.0002639909138162521,0.025,200
1,0.0007542155635866473,0.02,200
2,0.0012996225212772827,0.02,200
3,0.0021070160389392387,0.055,200
4,0.003346814719956869,0.015,200
5,0.005067454571874833,0.03,200
6,0.007707336130616393,0.015,200
7,0.011696252290687728,0.045,200
8,0.020537662037495838,0.025,200
9,0.0912127341933299,0.01,200
