{
  "auc": 0.31384615384615383,
  "log_loss": 0.3879542608663493,
  "brier": 0.025007220129196383
}