{
  "auc": 0.47562588848523135,
  "log_loss": 0.16447842623653822,
  "brier": 0.02749283743578581
}