{
  "alerts": [],
  "checks": {
    "age_l1": 0.0020749999999999658,
    "base_ctr": 0.0260625,
    "curr_ctr": 0.02605
  }
}