{
  "auc": 0.5744945506239141,
  "log_loss": 0.12051058232139539,
  "brier": 0.025341236276165434
}