{
  "auc": 0.3158974358974359,
  "log_loss": 0.13177814316541872,
  "brier": 0.02508359700284685
}